,coords,classification
0,"[-3.8533657691127194, 58.54104658006143]",1
1,"[-3.8531776928690604, 58.52506886915508]",1
2,"[-3.8447662853983586, 58.535553868333]",1
3,"[-3.818330433347576, 58.541108751093816]",1
4,"[-3.7903496289042167, 58.54334837417834]",1
5,"[-3.8214203381327327, 58.54926029160386]",1
6,"[-3.8557526135233573, 58.55203675710942]",1
7,"[-3.848886158445233, 58.5535592415701]",1
8,"[-3.842363026121014, 58.55284278653523]",1
9,"[-3.834294941404219, 58.544871236140814]",1
10,"[-3.8389297985819524, 58.54603573299767]",1
11,"[-3.832406666257733, 58.53627067685685]",1
12,"[-3.7759300732401546, 58.530266952877525]",1
13,"[-3.799791004636639, 58.52856421719648]",1
14,"[-3.8182446026591004, 58.52307457222882]",1
15,"[-3.8148113751200388, 58.52627883674278]",1
16,"[-3.820733692624921, 58.52690621091169]",1
17,"[-3.8269993328837097, 58.528474597239004]",1
18,"[-3.8294025921610535, 58.5246207224192]",1
19,"[-3.835024502256267, 58.52399330736995]",1
20,"[-3.7998768353251164, 58.522693626210874]",1
21,"[-3.8257720389264467, 58.518159250641496]",1
22,"[-3.8090350546735174, 58.517800663090206]",1
23,"[-3.7964608588117006, 58.517800663090206]",1
24,"[-3.8006236472028143, 58.518764358823994]",1
25,"[-3.815944425095881, 58.517688603728864]",1
26,"[-3.816502324570979, 58.51459562409872]",1
27,"[-3.8286044516461732, 58.51468527951895]",1
28,"[-3.835900060166682, 58.522394788766086]",1
29,"[-3.8400628485577943, 58.52080372065361]",1
30,"[-3.8434102454083803, 58.51676970346588]",1
31,"[-3.8386057293136306, 58.51241872057381]",1
32,"[-3.847188798161288, 58.511365186875]",1
33,"[-3.8539265072066975, 58.51026678828033]",1
34,"[-3.862337914677401, 58.51069270201998]",1
35,"[-3.8613079464156814, 58.50540203841356]",1
36,"[-3.854269829960603, 58.51378602566051]",1
37,"[-3.86160835382535, 58.5137636112525]",1
38,"[-3.8322971737106033, 58.50710589849507]",1
39,"[-3.879742154990495, 58.484510103697936]",1
40,"[-3.8394017314065105, 58.49357190613723]",1
41,"[-3.8074727152932297, 58.489534758160374]",1
42,"[-3.7817235087502614, 58.49518663539706]",1
43,"[-3.7599225138772145, 58.507294738496945]",1
44,"[-3.7388081645119797, 58.500837603156775]",1
45,"[-3.7336583232033864, 58.48765059695973]",1
46,"[-3.8083310221779954, 58.502721056986466]",1
47,"[-3.796829709922135, 58.51115051676598]",1
48,"[-3.778461942588152, 58.50487345192739]",1
49,"[-3.7789769267190114, 58.51590240487914]",1
50,"[-3.8641209696877605, 58.497877685846724]",1
51,"[-3.8448250704065594, 58.48073994242896]",1
52,"[-3.8420784883753085, 58.47122600068124]",1
53,"[-3.755046170260075, 58.474995983791295]",1
54,"[-3.868514116509664, 58.47913654632474]",1
55,"[-3.8103209097225554, 58.45795007956123]",1
56,"[-3.8413916189510724, 58.458219479183]",1
57,"[-3.8758955557186483, 58.4577704786669]",1
58,"[-3.882075365288961, 58.4708789337681]",1
59,"[-3.721056993706931, 58.46369682392111]",1
60,"[-3.8735320982061707, 58.44864942385029]",1
61,"[-3.8419464048467953, 58.44505628177671]",1
62,"[-3.8057258543096855, 58.435892108489135]",1
63,"[-3.815338891419059, 58.42582673786148]",1
64,"[-3.784954827698358, 58.43068004366522]",1
65,"[-3.8404014524542167, 58.435352965154884]",1
66,"[-3.755934620502989, 58.44265459208419]",1
67,"[-3.720400715473693, 58.426389926790506]",1
68,"[-3.729498768452208, 58.44687678446739]",1
69,"[-3.7104443556104125, 58.44076791683393]",1
70,"[-3.7609128004346304, 58.45244571011888]",1
71,"[-3.7918118482861933, 58.45100865240814]",1
72,"[-3.780850613676799, 58.410428173189416]",1
73,"[-3.7980167513721117, 58.40826999038059]",1
74,"[-3.7396518832080483, 58.41843028049104]",1
75,"[-3.750638211333049, 58.394238579744226]",1
76,"[-3.946151628008961, 58.5047005010938]",1
77,"[-3.930358781329273, 58.50846689325951]",1
78,"[-3.9303587813292733, 58.49304005905205]",1
79,"[-3.9411734480773193, 58.477643835750584]",1
80,"[-3.926410569659351, 58.47620780758883]",1
81,"[-3.9485548872863054, 58.48814300835973]",1
82,"[-3.9281271834288827, 58.46660286078634]",1
83,"[-3.9528464217101327, 58.46768018175275]",1
84,"[-3.9140509505187255, 58.462293246778025]",1
85,"[-3.9344786543761474, 58.45366713206725]",1
86,"[-3.9252089400206787, 58.44145069431119]",1
87,"[-3.95542134236443, 58.43974364837826]",1
88,"[-3.9006613631163822, 58.42543332316012]",1
89,"[-3.9190291304503675, 58.431275248585955]",1
90,"[-4.022907793753259, 58.54900062461474]",1
91,"[-4.036297381155603, 58.5496275923136]",1
92,"[-4.05586677812826, 58.543357410529296]",1
93,"[-4.04685455583822, 58.55992617013582]",1
94,"[-4.0584416987825565, 58.55862782058149]",1
95,"[-4.054272400559149, 58.53930180838719]",1
96,"[-4.072039353073797, 58.52478483432286]",1
97,"[-4.045689331711493, 58.53168562693798]",1
98,"[-4.048998015745206, 58.52297637311513]",1
99,"[-4.072000640256926, 58.5171048468451]",1
100,"[-4.084961074216885, 58.51670142346901]",1
101,"[-4.083330291135832, 58.52230411076317]",1
102,"[-4.0541478570538, 58.50922634055198]",1
103,"[-4.089166777952237, 58.50949534727917]",1
104,"[-4.086935180051846, 58.51433711581341]",1
105,"[-4.06539167724423, 58.503307670903375]",1
106,"[-4.080841201170012, 58.497029203427815]",1
107,"[-4.065048354490323, 58.49725345374183]",1
108,"[-4.105646270139737, 58.48886433096895]",1
109,"[-4.0879651483135655, 58.48913349374196]",1
110,"[-4.0653916772442305, 58.49079328526642]",1
111,"[-4.092943328245207, 58.48123719526398]",1
112,"[-4.0797254022198155, 58.47854486965341]",1
113,"[-4.112598555906338, 58.49447146264022]",1
114,"[-4.066716834207611, 58.468524747762544]",1
115,"[-4.0632836066685485, 58.45595425082529]",1
116,"[-4.061052008768158, 58.44526579476746]",1
117,"[-4.087144538065033, 58.47157690456264]",1
118,"[-4.098645850320892, 58.473013121947666]",1
119,"[-4.1111771308384695, 58.46367665989709]",1
120,"[-4.117871924539642, 58.47480831115438]",1
121,"[-4.142591162820891, 58.46753722852884]",1
122,"[-4.12491004099472, 58.446703087072294]",1
123,"[-4.122446040046723, 58.54202756435536]",1
124,"[-4.116609553230317, 58.52661548217458]",1
125,"[-4.147508601081879, 58.49433570289227]",1
126,"[-4.160764101623768, 58.453057745161715]",1
127,"[-4.151666048645253, 58.4427277671024]",1
128,"[-4.149269049758335, 58.42302096914281]",1
129,"[-4.1284980231470065, 58.42733539553027]",1
130,"[-4.101890509719272, 58.43389590577056]",1
131,"[-4.028934424514194, 58.418616113611655]",1
132,"[-3.9918555670923195, 58.4156492678023]",1
133,"[-4.048847144240757, 58.40818609638022]",1
134,"[-4.086784308547396, 58.40665729993773]",1
135,"[-4.11493677436771, 58.41672814973618]",1
136,"[-4.129356330031771, 58.405757976929685]",1
137,"[-4.158538764113803, 58.40620764130254]",1
138,"[-4.164890235061069, 58.42104334705007]",1
139,"[-4.146007483596225, 58.4364119414915]",1
140,"[-4.169353430861851, 58.433626319848074]",1
141,"[-4.063180869216342, 58.39082586206243]",1
142,"[-4.07348055183353, 58.38254750772067]",1
143,"[-4.135278647536654, 58.38254750772066]",1
144,"[-4.1538180762475925, 58.39046597401893]",1
145,"[-3.995546286696812, 58.39577395019523]",1
146,"[-3.9941280982142837, 58.51837350150368]",2
147,"[-3.9906948706752194, 58.509407767960674]",2
148,"[-3.949547588262525, 58.522312888796066]",2
149,"[-3.940621196660962, 58.53790605410038]",2
150,"[-3.9837581999445817, 58.538841964661266]",2
151,"[-3.9959461577082545, 58.53001588638045]",2
152,"[-3.998006094231692, 58.52504183827009]",2
153,"[-4.005130041375247, 58.52315958205247]",2
154,"[-3.978780020012943, 58.52257695846802]",2
155,"[-3.956894105669979, 58.55312325451168]",2
156,"[-3.9482252061338454, 58.55227245194003]",2
157,"[-3.950714296099668, 58.546405829821836]",2
158,"[-3.9708845078916597, 58.54322579978192]",2
159,"[-3.957924073931697, 58.54940643864662]",2
160,"[-3.970455354449275, 58.556212837479876]",2
161,"[-3.9807550370664635, 58.5427330932579]",2
162,"[-3.977605812737771, 58.53454885137348]",2
163,"[-3.9467067648862075, 58.531995028708295]",2
164,"[-3.939067833611794, 58.53275671458141]",2
165,"[-3.947307579705543, 58.52679720112218]",2
166,"[-4.006764842066706, 58.51728615198295]",2
167,"[-3.9659094343518615, 58.51782403982306]",2
168,"[-3.9425634870862374, 58.51634482842078]",2
169,"[-4.008999150315282, 58.50802507991393]",2
170,"[-3.9674570970926255, 58.509459807736924]",2
171,"[-3.9823058061990713, 58.503182440517165]",2
172,"[-3.999386113205907, 58.50479672787903]",2
173,"[-4.007364320491825, 58.49515364847487]",2
174,"[-3.992601442073858, 58.494077169539814]",2
175,"[-3.980585145687139, 58.4964992007418]",2
176,"[-3.961959886287725, 58.49811379540776]",2
177,"[-3.9780960557213185, 58.49147554254943]",2
178,"[-3.95784001324085, 58.487527878391845]",2
179,"[-4.008651780818973, 58.48927746611341]",2
180,"[-3.9878717398147154, 58.48291264978904]",2
181,"[-3.970362279365496, 58.48089352120484]",2
182,"[-3.9931932425002623, 58.4735339372009]",2
183,"[-3.9704481100539715, 58.47137962103865]",2
184,"[-3.9580026602248712, 58.47618176992383]",2
185,"[-4.022361137632009, 58.46582890106299]",2
186,"[-4.0189279100929465, 58.47453649216254]",2
187,"[-4.031908682408566, 58.46204507070922]",2
188,"[-4.024441412511105, 58.4520769946256]",2
189,"[-4.035771063390012, 58.453244573027234]",2
190,"[-4.043324163975949, 58.454412112674554]",2
191,"[-3.999550512852903, 58.457285891319486]",2
192,"[-3.9901949678089585, 58.45014591452706]",2
193,"[-3.9670206819202862, 58.45548980718308]",2
194,"[-3.966419867100949, 58.46375103479219]",2
195,"[-3.9790369783070054, 58.46208996556128]",2
196,"[-3.9936281953480193, 58.46343678446969]",2
197,"[-4.005215338292356, 58.463032744213834]",2
198,"[-4.01362674576306, 58.45665727230502]",2
199,"[-4.026903841709771, 58.44189649943761]",2
200,"[-3.9994380213972724, 58.442660141400275]",2
201,"[-3.9734313227888745, 58.44468146660731]",2
202,"[-3.9645907618757876, 58.45258597902019]",2
203,"[-3.9687964656111405, 58.43650561423213]",2
204,"[-3.987679217075983, 58.44090823229861]",2
205,"[-4.0234706141707095, 58.43515776390551]",2
206,"[-4.009394381260553, 58.443917868509]",2
207,"[-4.008450243687311, 58.45186746036828]",2
208,"[-4.015574190830866, 58.448409384081415]",2
209,"[-4.0329119899031305, 58.427708196449935]",2
210,"[-4.016775820469537, 58.4289664579202]",2
211,"[-4.008021090244928, 58.427708196449935]",2
212,"[-3.995489809727351, 58.43157271364136]",2
213,"[-3.971628878330867, 58.43381933096697]",2
214,"[-3.968882296299616, 58.42986518858346]",2
215,"[-3.992228243565241, 58.42132632098543]",2
216,"[-4.002699587559382, 58.42249491989144]",2
217,"[-4.040550921177545, 58.576275665353144]",2
218,"[-4.019608233189264, 58.574038146521545]",2
219,"[-4.015831682896296, 58.56754853314304]",2
220,"[-4.026474688267389, 58.570905379891876]",2
221,"[-4.0350577571150446, 58.57887100803689]",2
222,"[-4.02870628616778, 58.580973989413096]",2
223,"[-4.030594561314264, 58.56423612893903]",2
224,"[-4.0289637782332095, 58.562042607790694]",2
225,"[-3.965879221679278, 58.412533193848134]",3
226,"[-4.025572347743408, 58.50911228098203]",3
227,"[-4.033640432460205, 58.51157810682181]",3
228,"[-4.035872030360597, 58.511847095523876]",3
229,"[-4.03827528963794, 58.50924678504045]",3
230,"[-4.034241247279541, 58.509022611323395]",3
231,"[-4.037416982753174, 58.50664628189421]",3
232,"[-4.041794347865478, 58.508305245807094]",3
233,"[-4.046515035731689, 58.50655660593551]",3
234,"[-4.04848914156665, 58.504718198293794]",3
235,"[-4.045055914027588, 58.50453883629588]",3
236,"[-4.039648580653566, 58.50462851740938]",3
237,"[-4.045227575404541, 58.501175629149024]",3
238,"[-4.050377416713136, 58.50225189049058]",3
239,"[-4.047630834681886, 58.50296937972224]",3
240,"[-4.032095480067628, 58.50368685429067]",3
241,"[-4.027460622889893, 58.50422495059432]",3
242,"[-4.027889776332276, 58.50045810325837]",3
243,"[-4.0342412472795415, 58.50153438659545]",3
244,"[-4.026688146693605, 58.499381786927515]",3
245,"[-4.038704443080324, 58.50189314037595]",3
246,"[-4.041536855800049, 58.50000964213021]",3
247,"[-4.03827528963794, 58.498484831447755]",3
248,"[-4.051579046351807, 58.499381786927515]",3
249,"[-4.052094030482667, 58.49704965502057]",3
250,"[-4.055770264509483, 58.49237594033545]",3
251,"[-4.0471871956618255, 58.4952466165575]",3
252,"[-4.038260804060263, 58.49412528658597]",3
253,"[-4.030965195539755, 58.49466352944067]",3
254,"[-4.031308518293661, 58.49192737597905]",3
255,"[-4.023755417707725, 58.489594748974014]",3
256,"[-4.043496476057333, 58.49170309165251]",3
257,"[-4.031823502424522, 58.48739655483502]",3
258,"[-4.041779862287802, 58.487710590991284]",3
259,"[-4.050191269758505, 58.48708251587135]",3
260,"[-4.044354782942099, 58.4850187614101]",3
261,"[-4.059460984113973, 58.48865268261575]",3
262,"[-4.058431015852256, 58.48573660279975]",3
263,"[-4.054568634870809, 58.483762503683366]",3
264,"[-4.0308257050280725, 58.483115179844745]",3
265,"[-4.0418120331530725, 58.48158963553457]",3
266,"[-4.047991842723386, 58.4813204149568]",3
267,"[-4.065672964549557, 58.4826216286398]",3
268,"[-4.073311895823973, 58.4827562342015]",3
269,"[-4.059321493602293, 58.47660872091915]",3
270,"[-4.048335165477293, 58.47849347434601]",3
271,"[-4.0570898957019015, 58.481006321675586]",3
272,"[-4.0404387421374475, 58.47629458552027]",3
273,"[-4.0406104035144015, 58.47418531797767]",3
274,"[-4.035546392894285, 58.4766535971755]",3
275,"[-4.03863629767944, 58.47992940910971]",3
276,"[-4.038722128367916, 58.48482012157176]",3
277,"[-4.065758795238034, 58.47903195675872]",3
278,"[-4.032885641551512, 58.48046786951832]",3
279,"[-4.037348837352292, 58.490248463810964]",3
280,"[-4.064213842845455, 58.47696772936529]",3
281,"[-4.043442816234128, 58.47566630629855]",3
282,"[-4.0377779192334184, 58.46544510649892]",3
283,"[-4.037863749921895, 58.46230262829764]",3
284,"[-4.041382808149434, 58.45992313654096]",3
285,"[-4.024852561290328, 58.494792618497655]",3
286,"[-4.039367007211042, 58.51094137075752]",3
287,"[-4.042276197765659, 58.4971126516609]",3
288,"[-4.042898470257115, 58.4940851394462]",3
289,"[-4.095445278330356, 58.421760918361215]",3
290,"[-4.097891452951939, 58.42250814271871]",3
291,"[-4.094447496576817, 58.42284523122453]",3
292,"[-4.092291000528842, 58.4220025039103]",3
293,"[-4.090445640726596, 58.422817140638934]",3
294,"[-4.0968346320496485, 58.42366955120072]",3
295,"[-4.095021458755581, 58.42478751214629]",3
296,"[-4.098465415130703, 58.42451785647264]",3
297,"[-4.097521277557461, 58.42523131594658]",3
298,"[-4.093315573822109, 58.4235403373461]",3
299,"[-4.100062500464085, 58.42672528739484]",3
300,"[-4.097315918432835, 58.42689381186812]",3
301,"[-4.097401749121313, 58.42852284019404]",3
302,"[-4.099955212103491, 58.42810716426613]",3
303,"[-4.0782005141364115, 58.442789655350126]",3
304,"[-4.088249997609556, 58.43927464668509]",3
305,"[-4.090792731755673, 58.438589549786506]",3
306,"[-3.7507662274940605, 58.56934494094069]",4
307,"[-4.015376610555564, 58.51019204125878]",4
308,"[-4.016277832784569, 58.51150339349743]",4
309,"[-4.019303364553368, 58.50809601756234]",4
310,"[-4.016449494161522, 58.509328987837094]",4
311,"[-3.864707715265725, 58.41728648424997]",4
312,"[-3.856553799860453, 58.41733143623428]",4
313,"[-3.8780973026680696, 58.41301578414695]",4
314,"[-3.8806722233223665, 58.416657150446134]",4
315,"[-3.8698575565743187, 58.41463421563686]",4
316,"[-3.8967225620674837, 58.443246634196754]",4
317,"[-3.8924310276436547, 58.43848491083993]",4
318,"[-3.8912293980049832, 58.43507044844957]",4
319,"[-3.8986078625949965, 58.451641140811546]",4
320,"[-3.8957754498752704, 58.45155132437025]",4
321,"[-3.898007047775659, 58.45662559376426]",4
322,"[-3.8976637250217534, 58.459948170002534]",4
323,"[-3.8997538527869375, 58.46698286874681]",4
324,"[-3.90069799036018, 58.46994538994454]",4
325,"[-3.9062769851111563, 58.472997423398745]",4
326,"[-3.8918574294470942, 58.46698286874681]",4
327,"[-3.903873725833813, 58.47713921187495]",4
328,"[-3.9053328475379145, 58.48229952783014]",4
329,"[-3.9055045089148686, 58.485888865902936]",4
330,"[-3.9005694528736456, 58.498764207314835]",4
331,"[-3.9006552835621213, 58.49338203606921]",4
332,"[-3.9043460031666144, 58.49194665108225]",4
333,"[-3.897183316016137, 58.5174217586984]",4
334,"[-3.899500744605004, 58.515785638822116]",4
335,"[-3.8880423476933834, 58.51524771973294]",4
336,"[-3.903860667807933, 58.52994426719021]",4
337,"[-3.9013715778421125, 58.52712123960534]",4
338,"[-3.90643558846223, 58.52649386928269]",4
339,"[-3.9003416095803933, 58.53155732378843]",4
340,"[-3.9162632022927957, 58.52376019619155]",4
341,"[-3.9203401599954324, 58.52875683089471]",4
342,"[-3.912572482688303, 58.52402909151662]",4
343,"[-3.9130016361306863, 58.5286896163172]",4
344,"[-3.9030070423906396, 58.53838543855195]",4
345,"[-3.907813560945328, 58.535764694306785]",4
346,"[-3.901891243440446, 58.53661589767909]",4
347,"[-3.8965697407548983, 58.53934856883208]",4
348,"[-3.8943810581987464, 58.533255764151946]",4
349,"[-3.909573090059097, 58.5387662141509]",4
350,"[-3.893608582002457, 58.542292580902604]",4
351,"[-3.883652222139176, 58.539134575872666]",4
352,"[-3.8976426243608553, 58.54316602142831]",4
353,"[-3.898543846589859, 58.54446494400942]",4
354,"[-3.898543846589859, 58.53620028787756]",4
355,"[-3.9100978450652666, 58.55079500287136]",4
356,"[-3.9112136440154606, 58.55372806931105]",4
357,"[-3.9141318874236637, 58.55518331648675]",4
358,"[-3.9187667446013985, 58.55648179370536]",4
359,"[-3.928122289645344, 58.56138423067147]",4
360,"[-3.929667242037922, 58.55979493128964]",4
361,"[-3.9337441997405582, 58.560354551973354]",4
362,"[-3.928328623043311, 58.56687531903763]",4
363,"[-3.9339934484827643, 58.56788242621356]",4
364,"[-3.935723698554723, 58.56956693835431]",4
365,"[-3.913857549971169, 58.54837286827293]",4
366,"[-3.8986226027665793, 58.54788023410131]",4
367,"[-3.901841253584451, 58.554463045959075]",4
368,"[-3.9809986414606806, 58.56637815983165]",4
369,"[-3.974175101726794, 58.56696005577158]",4
370,"[-3.9899250330622436, 58.565191957394454]",4
371,"[-3.986191398113512, 58.56210316631145]",4
372,"[-3.998164779155992, 58.562147933345]",4
373,"[-3.99752104899242, 58.55600439578367]",4
374,"[-3.997778541057848, 58.55889225502164]",4
375,"[-4.011428876324513, 58.56149883339557]",4
376,"[-4.007137341900684, 58.565035313778516]",4
377,"[-4.008939786358693, 58.56754196967478]",4
378,"[-4.0105705694397455, 58.56933232832385]",4
379,"[-4.012630505963183, 58.57237572795159]",4
380,"[-4.014175458355762, 58.57362881561652]",4
381,"[-4.011514707012988, 58.575955859434785]",4
382,"[-4.013137366246809, 58.578717955492614]",4
383,"[-4.017257239293684, 58.58198424826904]",4
384,"[-4.015648103169955, 58.587309065507384]",4
385,"[-4.016120171956576, 58.588964215494585]",4
386,"[-4.021527505330599, 58.59030617152121]",4
387,"[-4.022021031789341, 58.589467455036306]",4
388,"[-4.047814783617889, 58.56833652599861]",4
389,"[-4.069209384172577, 58.5623584904208]",4
390,"[-4.067513762098729, 58.5563394701965]",4
391,"[-4.066054640394628, 58.55253343703537]",4
392,"[-4.0747664552749985, 58.54897330240356]",4
393,"[-4.0785859209122055, 58.54892851853235]",4
394,"[-4.0729496400927, 58.545467270497674]",4
395,"[-4.080502740678638, 58.54604951386081]",4
396,"[-4.084665529069751, 58.54575839338836]",4
397,"[-4.09137687770035, 58.554047014496454]",4
398,"[-4.088801957046053, 58.552524551231016]",4
399,"[-4.085197068130038, 58.55736038234187]",4
400,"[-4.080216621507023, 58.537200589354484]",4
401,"[-4.072148536790225, 58.54078431710417]",4
402,"[-4.158322548020694, 58.54669666700338]",4
403,"[-4.1634723893292875, 58.54365103554191]",4
404,"[-4.158494209397647, 58.54266562752296]",4
405,"[-4.176409006965756, 58.53588638408614]",4
406,"[-4.190656901252865, 58.5361103861997]",4
407,"[-4.186279536140561, 58.53270539962464]",4
408,"[-4.1809580334550125, 58.53180929556867]",4
409,"[-4.198810816658139, 58.536065585891464]",4
410,"[-4.209711314094662, 58.535617579660794]",4
411,"[-4.200355769050716, 58.53019625056072]",4
412,"[-4.192459345710874, 58.53042028902647]",4
413,"[-4.211551351869529, 58.52947931785218]",4
414,"[-4.20880476983828, 58.525042970807895]",4
415,"[-4.175845785463279, 58.522533273487234]",4
416,"[-4.230004949891991, 58.52679068966069]",4
417,"[-4.235154791200584, 58.52930008238502]",4
418,"[-4.227515859926169, 58.52360888003998]",4
419,"[-4.214297933900779, 58.522219548696846]",4
420,"[-4.223910971010154, 58.51935107766228]",4
421,"[-4.216100378358787, 58.52970336089802]",4
422,"[-4.213954611146874, 58.5294345090713]",4
423,"[-4.190179510438865, 58.51387409314622]",4
424,"[-4.1798798278216776, 58.5189393694069]",4
425,"[-4.2245976165179675, 58.51046694738074]",4
426,"[-4.22176520379824, 58.50692495837909]",4
427,"[-4.217645330751365, 58.507776861797154]",4
428,"[-4.210435552919334, 58.50835973117029]",4
429,"[-4.221677033287747, 58.50202476739735]",4
430,"[-4.207858292443022, 58.50417720502762]",4
431,"[-4.207514969689114, 58.49839222963783]",4
432,"[-4.213952271324857, 58.49574607049482]",4
433,"[-4.210862366539701, 58.49336884225787]",4
434,"[-4.218415467125638, 58.49888555928825]",4
435,"[-4.208932181647922, 58.485383431416864]",4
436,"[-4.202752372077608, 58.488164956225084]",4
437,"[-4.201035758308077, 58.48542829646771]",4
438,"[-4.201808234504367, 58.48300550172891]",4
439,"[-4.211764594367648, 58.47874277211557]",4
440,"[-4.196658393195772, 58.475870746925985]",4
441,"[-4.193997641853, 58.47126664456935]",4
442,"[-4.188418647102023, 58.470234317963246]",4
443,"[-4.180522223762179, 58.4706831593433]",4
444,"[-4.184556266120578, 58.467496261434825]",4
445,"[-4.193997641853, 58.46354590249005]",4
446,"[-4.198203345588351, 58.4677207003217]",4
447,"[-4.189525240219682, 58.44925430450023]",4
448,"[-4.184632890976517, 58.449074659200164]",4
449,"[-4.186950319565385, 58.443325525231884]",4
450,"[-4.19132768467769, 58.4375305256742]",4
451,"[-4.185748689926713, 58.43398117883676]",4
452,"[-4.183045023239702, 58.442606817433294]",4
453,"[-4.185338030541876, 58.43619622838285]",4
454,"[-4.193148623193243, 58.43368017724264]",4
455,"[-4.188942919457892, 58.43105161032243]",4
456,"[-4.199585924828986, 58.432601814556755]",4
457,"[-4.186979380743109, 58.42655243127623]",4
458,"[-4.179597941534126, 58.42536149616301]",4
459,"[-4.174834338323677, 58.427630979262545]",4
460,"[-4.17376145471772, 58.42924873929888]",4
461,"[-4.179426280157173, 58.42731640617917]",4
462,"[-4.17573556055268, 58.42439523619181]",4
463,"[-4.182687846319282, 58.42320422811956]",4
464,"[-4.18397530664643, 58.42253005475389]",4
465,"[-4.184104052679145, 58.41932227918634]",4
466,"[-4.184490290777289, 58.41702978441943]",4
467,"[-4.189725962774359, 58.417366925360426]",4
468,"[-4.177409258977972, 58.413725632431365]",4
469,"[-4.1777525817318795, 58.415838527251196]",4
470,"[-4.182644930975044, 58.40923445279565]",4
471,"[-4.174061862127387, 58.411032898422825]",4
472,"[-4.174018946783149, 58.40867241971159]",4
473,"[-4.187666026250922, 58.40676144016925]",4
474,"[-4.187666026250922, 58.40485739796567]",4
475,"[-4.188352671758735, 58.40420535777102]",4
476,"[-4.189425555364692, 58.4031935473782]",4
477,"[-4.198309031622016, 58.40348585114207]",4
478,"[-4.194489565984809, 58.40260893257758]",4
479,"[-4.190455523626412, 58.407735224348244]",4
480,"[-4.1898117934628365, 58.40643123838719]",4
481,"[-4.200797806614088, 58.395456498268956]",4
482,"[-4.19929576956575, 58.396535998574016]",4
483,"[-4.1973645790750265, 58.39824513978941]",4
484,"[-4.201834809270616, 58.38981274460678]",4
485,"[-4.196169983831161, 58.39293920725001]",4
486,"[-4.206984650579209, 58.38911543815252]",4
487,"[-4.207542550054307, 58.3874733394543]",4
488,"[-4.210332047429794, 58.387383359233745]",4
489,"[-4.210632454839462, 58.38594364448113]",4
490,"[-4.212123900836106, 58.38429630099014]",4
491,"[-4.217316657488939, 58.3819565298795]",4
492,"[-4.219462424700852, 58.38197108911669]",4
493,"[-3.9324170040993516, 58.424373548455094]",5
494,"[-3.931301205149155, 58.42255331118872]",5
495,"[-3.9333611416725938, 58.42165439388539]",5
496,"[-3.9367085385231797, 58.42093524352279]",5
497,"[-3.9338761258034523, 58.42030597490957]",5
498,"[-3.9350777554421246, 58.42017113017256]",5
499,"[-3.938596813669663, 58.419676695053305]",5
500,"[-3.939798443308335, 58.42160944741794]",5
501,"[-3.936021893015366, 58.41931710151608]",5
502,"[-3.936622707834702, 58.41873275418799]",5
503,"[-3.938854305735093, 58.416215454869366]",5
504,"[-3.9405709195046237, 58.415226466631324]",5
505,"[-3.9390259671120464, 58.41456173477655]",5
506,"[-3.940141766062243, 58.41424704494007]",5
507,"[-3.9408284115700543, 58.41190926100784]",5
508,"[-3.942287533274156, 58.4110550320286]",5
509,"[-3.9456349301247418, 58.40844725755854]",5
510,"[-3.9459782528786485, 58.4075030157623]",5
511,"[-3.9464074063210313, 58.40570438996172]",5
512,"[-3.9479523587136094, 58.40660371433727]",5
513,"[-3.9426308560280625, 58.40799762176359]",5
514,"[-3.941858379831774, 58.409841092061775]",5
515,"[-3.9446049618630235, 58.41069535047278]",5
516,"[-3.939626781931383, 58.40966124554662]",5
517,"[-4.025047748772846, 58.50220428681218]",5
518,"[-4.024489849297748, 58.50119529140297]",5
519,"[-4.023030727593647, 58.5020249119699]",5
520,"[-4.024275272576557, 58.50074683969088]",5
521,"[-4.022558658807025, 58.50150920419329]",5
522,"[-4.024747341363178, 58.50464817772958]",5
523,"[-4.022386997430072, 58.504693018175324]",5
524,"[-4.018696277825581, 58.50484995928435]",5
525,"[-4.019854992120014, 58.50406524672287]",5
526,"[-4.018610447137103, 58.502742405840294]",5
527,"[-4.023331135003314, 58.50393072280822]",5
528,"[-4.021614521233783, 58.50341504302651]",5
529,"[-4.022090191311769, 58.49887012734891]",5
530,"[-4.021317715115479, 58.49797315879851]",5
531,"[-4.022304768032961, 58.49705374225457]",5
532,"[-4.022948498196534, 58.49835437323212]",5
533,"[-4.021317715115479, 58.500305229370625]",5
534,"[-4.0203735775422365, 58.5012694055976]",5
535,"[-4.019772762722901, 58.497143442489325]",5
536,"[-4.0214893764924335, 58.496425834195286]",5
537,"[-4.023034328885011, 58.496201578595915]",5
538,"[-4.019858593411377, 58.49575306310083]",5
539,"[-4.022562260098389, 58.49539424658019]",5
540,"[-4.021703953213623, 58.4945644693339]",5
541,"[-4.020845646328858, 58.49530454187714]",5
542,"[-4.02058815426343, 58.49463174930048]",5
543,"[-4.018442387051516, 58.49508027911709]",5
544,"[-4.018699879116944, 58.49377952686638]",5
545,"[-4.019901508755615, 58.492792717158515]",5
546,"[-4.0210173077058124, 58.49236658621286]",5
547,"[-4.020416492886476, 58.491536737428135]",5
548,"[-4.019901508755616, 58.49214230469106]",5
549,"[-4.01904320187085, 58.49176102281697]",5
550,"[-4.018184894986085, 58.49247872643668]",5
551,"[-4.01955818600171, 58.49079658548309]",5
552,"[-4.020673984951904, 58.49007884748926]",5
553,"[-4.020116085476808, 58.48884520104478]",5
554,"[-4.017755741543701, 58.48987698103593]",5
555,"[-4.019858593411377, 58.48728569882401]",5
556,"[-4.0183136410188, 58.488339955282036]",5
557,"[-4.022133106656008, 58.4873754240097]",5
558,"[-4.023806805081299, 58.48724083614521]",5
559,"[-4.022476429409913, 58.48676977455877]",5
560,"[-4.018914455838136, 58.4857379032965]",5
561,"[-4.020845646328858, 58.48542384950498]",5
562,"[-4.019515270657472, 58.48504249469802]",5
563,"[-4.020030254788331, 58.48423490614746]",5
564,"[-4.017240757412844, 58.48504249469802]",5
565,"[-4.01706909603589, 58.486343570537564]",5
566,"[-4.0181419796418485, 58.48425733941342]",5
567,"[-4.023720974392824, 58.484369505528406]",5
568,"[-4.024836773343019, 58.48374137067206]",5
569,"[-4.025866741604738, 58.483292696041815]",5
570,"[-4.027669186062745, 58.48185689872019]",5
571,"[-4.029900783963137, 58.481094107527824]",5
572,"[-4.028184170193604, 58.48100436629881]",5
573,"[-4.024922604031496, 58.482036376594145]",5
574,"[-4.0228626675080585, 58.483427299032506]",5
575,"[-4.02028774685376, 58.48392083891982]",5
576,"[-4.02127878314723, 58.48229726225701]",5
577,"[-4.02179376727809, 58.48081655337309]",5
578,"[-4.025055333440199, 58.480457584246395]",5
579,"[-4.028488560979261, 58.479515272840466]",5
580,"[-4.028574391667738, 58.47848318849616]",5
581,"[-4.031063481633558, 58.477136945969136]",5
582,"[-4.031406804387465, 58.47605991481416]",5
583,"[-4.02951852924098, 58.475162363637175]",5
584,"[-4.029861851994887, 58.47722669707545]",5
585,"[-4.027115269963637, 58.47336719251486]",5
586,"[-4.026943608586684, 58.47255933559499]",5
587,"[-4.025741978948011, 58.4736364740286]",5
588,"[-4.025570317571059, 58.48000886768087]",5
589,"[-4.026686116521255, 58.47942552757908]",5
590,"[-4.022909566228286, 58.480457584246395]",5
591,"[-4.023271818964813, 58.5075089532932]",5
592,"[-4.026018400996063, 58.50728476847664]",5
593,"[-4.026962538569306, 58.5062983382734]",5
594,"[-4.027735014765594, 58.50558091707768]",5
595,"[-4.024645109980438, 58.50638801489195]",5
596,"[-4.021555205195281, 58.50849534947579]",5
597,"[-4.021726866572234, 58.506522529390146]",5
598,"[-4.029880781977509, 58.50688123219863]",5
599,"[-4.0305674274853205, 58.506208661425816]",5
600,"[-4.030910750239227, 58.50535671994706]",5
601,"[-4.032970686762664, 58.50535671994706]",5
602,"[-4.0345156391552415, 58.50504284155856]",5
603,"[-4.033228178828094, 58.50710541959249]",5
604,"[-4.03382899364743, 58.50706058222827]",5
605,"[-4.030395766108368, 58.50934721478028]",5
606,"[-4.0291941364696955, 58.50912304170467]",5
607,"[-4.032112379877899, 58.50934721478028]",5
608,"[-4.027485825215301, 58.51269301095155]",5
609,"[-4.030575730000456, 58.511796395539356]",5
610,"[-4.0289449469194025, 58.51112391894704]",5
611,"[-4.027399994526824, 58.51054109547722]",5
612,"[-4.025082565937956, 58.511527406448714]",5
613,"[-4.02302262941452, 58.51211021353936]",5
614,"[-4.02147767702194, 58.51197572045441]",5
615,"[-4.021735169087371, 58.511706732738226]",5
616,"[-4.018731094990691, 58.512334367535566]",5
617,"[-4.019932724629363, 58.51412754796385]",5
618,"[-4.021820999775846, 58.51363443248029]",5
619,"[-4.025082565937956, 58.5133654574777]",5
620,"[-4.022850968037567, 58.515472373154566]",5
621,"[-4.021906830464324, 58.515248239201924]",5
622,"[-4.019331909810026, 58.51385857674091]",5
623,"[-4.020276047383268, 58.51233436753558]",5
624,"[-4.018044449482878, 58.514755139466686]",5
625,"[-4.020276047383269, 58.51961881471749]",5
626,"[-4.021563507710417, 58.51921542024651]",5
627,"[-4.0219068304643235, 58.518184502192696]",5
628,"[-4.0219068304643235, 58.51746732394144]",5
629,"[-4.020876862202603, 58.516615655727946]",5
630,"[-4.019846893940886, 58.51867755373687]",5
631,"[-4.018731094990692, 58.51813967898148]",5
632,"[-4.018473602925261, 58.51697425539009]",5
633,"[-4.017100311909635, 58.517288027088085]",5
634,"[-4.0337727030206105, 58.525411381024824]",5
635,"[-4.03403019508604, 58.52366359344304]",5
636,"[-4.0353176554131895, 58.522274264266905]",5
637,"[-4.0345451792169, 58.52128825534076]",5
638,"[-4.033171888201274, 58.52030221870102]",5
639,"[-4.03403019508604, 58.51456472853336]",5
640,"[-4.033429380266704, 58.51402679072774]",5
641,"[-4.030425306170024, 58.51456472853336]",5
642,"[-4.030854459612407, 58.516088840867106]",5
643,"[-4.029996152727641, 58.518688644419186]",5
644,"[-4.035145994036236, 58.520391859540744]",5
645,"[-4.036948438494243, 58.52133307452956]",5
646,"[-4.024932142107524, 58.52379804173347]",5
647,"[-4.028966184465923, 58.51841970815721]",5
648,"[-4.027592893450298, 58.51797147647291]",5
649,"[-4.022958036272563, 58.5340594070185]",5
650,"[-4.023129697649516, 58.531998413039155]",5
651,"[-4.023988004534282, 58.5304749918051]",5
652,"[-4.029309507219828, 58.52760719582614]",5
653,"[-4.030167814104595, 58.5243806450374]",5
654,"[-4.0269062479424855, 58.522408717882314]",5
655,"[-4.021928068010845, 58.522767258337446]",5
656,"[-4.017293210833111, 58.52429101438971]",5
657,"[-4.019009824602642, 58.52805530440588]",5
658,"[-4.024846311419048, 58.528055304405896]",5
659,"[-4.020554776995221, 58.53101267744463]",5
660,"[-4.018151517717877, 58.53423861816155]",5
661,"[-4.013344999163189, 58.534686642011884]",5
662,"[-4.008195157854594, 58.53701627375424]",5
663,"[-4.012143369524517, 58.538539410818274]",5
664,"[-4.015233274309673, 58.538449816352156]",5
665,"[-4.034459348528423, 58.52957883075237]",5
666,"[-4.0337727030206105, 58.52747276213576]",5
667,"[-4.035660978167096, 58.52644208672408]",5
668,"[-4.0357468088555715, 58.5250080531586]",5
669,"[-4.0330002268243215, 58.5314159362642]",5
670,"[-4.028622861712017, 58.53119591063104]",5
671,"[-4.02029728492979, 58.5297620714306]",5
672,"[-4.02029728492979, 58.533794594761495]",5
673,"[-4.017379041521588, 58.53370498816978]",5
674,"[-4.0171215494561565, 58.5306582278009]",5
675,"[-4.022271390764751, 58.52608759088464]",5
676,"[-4.026133771746196, 58.52626684276966]",5
677,"[-4.011971708147564, 58.54138596841668]",5
678,"[-4.015061612932721, 58.54138596841669]",5
679,"[-4.024073835222759, 58.54152034877436]",5
680,"[-4.028107877581157, 58.54102761827768]",5
681,"[-4.030596967546979, 58.5403109070097]",5
682,"[-4.032914396135845, 58.5403109070097]",5
683,"[-4.029738660662213, 58.538339875465]",5
684,"[-4.0320560892510775, 58.53887744051302]",5
685,"[-4.025790448992289, 58.53860865901934]",5
686,"[-4.023816343157329, 58.53784710026321]",5
687,"[-4.021584745256939, 58.536906328371565]",5
688,"[-4.024846311419049, 58.53547272266058]",5
689,"[-4.028708692400493, 58.535069510492704]",5
690,"[-4.019009824602642, 58.540938030170544]",5
691,"[-4.020898099749127, 58.54246099685393]",5
692,"[-4.014031644671001, 58.541251587543876]",5
693,"[-4.008366819231549, 58.541654728616884]",5
694,"[-4.007851835100689, 58.54286412401802]",5
695,"[-4.011285062639751, 58.54425263765161]",5
696,"[-4.015233274309673, 58.54384952645668]",5
697,"[-4.009225126116314, 58.53968377262975]",5
698,"[-4.009396787493267, 58.53590729750381]",5
699,"[-4.0145466288018605, 58.53698249395581]",5
700,"[-4.020726438372172, 58.540476654712826]",5
701,"[-4.024417157976665, 58.540700627499184]",5
702,"[-4.032056089251078, 58.53832644315352]",5
703,"[-4.034116025774516, 58.53819205055206]",5
704,"[-4.040724988787212, 58.53890880513989]",5
705,"[-4.0449306925225645, 58.538012859615435]",5
706,"[-4.037377591936626, 58.53962554507385]",5
707,"[-4.029137845842876, 58.53021716737233]",5
708,"[-4.033805346284941, 58.51912342428642]",5
709,"[-4.045616030797734, 58.51442616478818]",5
710,"[-4.045444369420781, 58.512946810138175]",5
711,"[-4.046645999059452, 58.51209503220079]",5
712,"[-4.043298602208867, 58.51164671971924]",5
713,"[-4.0853672971059725, 58.413316031920594]",5
714,"[-4.082964037828629, 58.413316031920594]",5
715,"[-4.072664355211442, 58.41367568672298]",5
716,"[-4.053094958238785, 58.416822509628986]",5
717,"[-4.0563565244008934, 58.413495859780745]",5
718,"[-4.0579014767934725, 58.413316031920594]",5
719,"[-4.06167802708644, 58.411158026000884]",5
720,"[-4.052923296861832, 58.41313620314255]",5
721,"[-4.0524083127309725, 58.41601335344386]",5
722,"[-4.058931445055191, 58.41942966423687]",5
723,"[-4.058073138170426, 58.42212651766203]",5
724,"[-4.055841540270034, 58.42338497859169]",5
725,"[-4.055498217516129, 58.41817106196756]",5
726,"[-4.047258471422379, 58.41745184047855]",5
727,"[-4.04622850316066, 58.413495859780745]",5
728,"[-4.05172166722316, 58.41322611764631]",5
729,"[-4.043996905260269, 58.417721550257866]",5
730,"[-4.045370196275895, 58.42158716349712]",5
731,"[-4.05069169896144, 58.42266586356701]",5
732,"[-4.046571825914567, 58.42482316458937]",5
733,"[-4.038160418443864, 58.42446362359636]",5
734,"[-4.039705370836441, 58.42230630054811]",5
735,"[-4.042966936998551, 58.42590176554313]",5
736,"[-4.040735339098159, 58.42949686345542]",5
737,"[-4.037302111559098, 58.42868799842899]",5
738,"[-4.049146746568864, 58.428058868338944]",5
739,"[-4.054811572008316, 58.42751960502876]",5
740,"[-4.054811572008317, 58.43129427476285]",5
741,"[-4.049490069322769, 58.43246254290517]",5
742,"[-4.0510350217153475, 58.429946224885136]",5
743,"[-4.04622850316066, 58.431294274762834]",5
744,"[-4.073522662096207, 58.41808116008454]",5
745,"[-4.078157519273942, 58.41772155025788]",5
746,"[-4.078157519273941, 58.421047801072234]",5
747,"[-4.070604418688004, 58.417901355630136]",5
748,"[-4.069917773180191, 58.42122758946499]",5
749,"[-4.066999529771988, 58.420688221533396]",5
750,"[-4.066999529771988, 58.41951956267805]",5
751,"[-4.06442460911769, 58.41960946088979]",5
752,"[-4.066827868395036, 58.41817106196756]",5
753,"[-4.054983233385269, 58.41673260430405]",5
754,"[-4.043138598375504, 58.41718212863408]",5
755,"[-4.064252947740738, 58.41736193675987]",5
756,"[-4.064424609117691, 58.41520417867197]",5
757,"[-4.068887804918473, 58.41241687885112]",5
758,"[-4.0743809689809725, 58.41349585978075]",5
759,"[-4.078500842027847, 58.41502435953179]",5
760,"[-4.0785008420278475, 58.41313620314255]",5
761,"[-4.0826207150747225, 58.41241687885112]",5
762,"[-4.086740588121597, 58.41187737599433]",5
763,"[-4.0936070431997225, 58.41313620314255]",5
764,"[-4.091890429430191, 58.415563814198606]",5
765,"[-4.099271868639175, 58.421047801072234]",5
766,"[-4.100130175523941, 58.41924986666613]",5
767,"[-4.09944353001613, 58.41862056794078]",5
768,"[-4.099443530016129, 58.417991257972055]",5
769,"[-4.099100207262223, 58.416912414724464]",5
770,"[-4.099443530016129, 58.41439498531294]",5
771,"[-4.096868609361833, 58.41421516204233]",5
772,"[-4.096010302477066, 58.41673260430405]",5
773,"[-4.097040270738785, 58.41951956267805]",5
774,"[-4.096010302477066, 58.42059832607506]",5
775,"[-4.091890429430191, 58.4183508650452]",5
776,"[-4.089658831529801, 58.4183508650452]",5
777,"[-4.0881138791372225, 58.4183508650452]",5
778,"[-4.086225603990737, 58.41817106196756]",5
779,"[-4.082964037828629, 58.41826096362112]",5
780,"[-4.091375445299332, 58.41493444961753]",5
781,"[-4.075582598619645, 58.42086801176172]",5
782,"[-4.07369432347316, 58.42410407893244]",5
783,"[-4.0812474240590975, 58.42473327968527]",5
784,"[-4.077814196520035, 58.42491304926406]",5
785,"[-4.085538958482926, 58.42518270191148]",5
786,"[-4.083479021959488, 58.42859812339008]",5
787,"[-4.079015826158707, 58.427879114819895]",5
788,"[-4.081075762682144, 58.42922724384468]",5
789,"[-4.083479021959488, 58.42751960502876]",5
790,"[-4.07592592137355, 58.42769936038317]",5
791,"[-4.074895953111832, 58.42922724384468]",5
792,"[-4.076440905504411, 58.43174361325178]",5
793,"[-4.080389117174333, 58.43174361325178]",5
794,"[-4.08244905369777, 58.43174361325178]",5
795,"[-4.082277392320815, 58.43345104720626]",5
796,"[-4.077299212389176, 58.43601204286623]",5
797,"[-4.07592592137355, 58.43565261611897]",5
798,"[-4.074380968980972, 58.4342148724277]",5
799,"[-4.091718768053238, 58.43637146594335]",5
800,"[-4.094465350084487, 58.43493375161382]",5
801,"[-4.094293688707535, 58.43349597856042]",5
802,"[-4.091718768053238, 58.43205814678166]",5
803,"[-4.092062090807144, 58.43133920886983]",5
804,"[-4.08742723362941, 58.430260774473425]",5
805,"[-4.088972186021987, 58.43727000757926]",5
806,"[-4.0881138791372225, 58.43646132113916]",5
807,"[-4.086912249498551, 58.43430473312882]",5
808,"[-4.086053942613785, 58.43834822726415]",5
809,"[-4.094637011461442, 58.43969595542166]",5
810,"[-4.093092059068862, 58.44185221312866]",5
811,"[-4.092920397691911, 58.443918502794325]",5
812,"[-4.089830492906754, 58.44499651880316]",5
813,"[-4.089315508775894, 58.443738830248584]",5
814,"[-4.086225603990739, 58.444098174422635]",5
815,"[-4.077299212389176, 58.44158268814031]",5
816,"[-4.081247424059098, 58.43915687035174]",5
817,"[-4.0800457944204265, 58.43798882437259]",5
818,"[-4.075239275865738, 58.44050456754404]",5
819,"[-4.072321032457535, 58.44140300366792]",5
820,"[-4.075582598619645, 58.439606108483424]",5
821,"[-4.046056841783706, 58.445020694092634]",5
822,"[-4.0455418576528475, 58.443134145699446]",5
823,"[-4.045370196275895, 58.44160686577522]",5
824,"[-4.045198534898942, 58.439270897676614]",5
825,"[-4.041078661852067, 58.44394267882443]",5
826,"[-4.039190386705582, 58.4427747916806]",5
827,"[-4.034727190904801, 58.44295446914872]",5
828,"[-4.0343838681508934, 58.439181049653264]",5
829,"[-4.035757159166519, 58.43576665479708]",5
830,"[-4.036100481920425, 58.447895240014404]",5
831,"[-4.048803423814957, 58.448883310936075]",5
832,"[-4.074724291734879, 58.449961174839025]",5
833,"[-4.0743809689809725, 58.44762576131057]",5
834,"[-4.075582598619645, 58.44564952108064]",5
835,"[-4.070776080064957, 58.445110527207525]",5
836,"[-4.070432757311051, 58.44834436660065]",5
837,"[-4.073351000719255, 58.45364362734518]",5
838,"[-4.075121112061677, 58.4599975035736]",5
839,"[-4.071516223145661, 58.4580219583074]",5
840,"[-4.077524371339019, 58.45829135737856]",5
841,"[-4.077352709962067, 58.45478900848468]",5
842,"[-4.080099291993317, 58.45308260959847]",5
843,"[-4.081472583008942, 58.45568707991161]",5
844,"[-4.084905810548004, 58.452364101090865]",5
845,"[-4.084905810548005, 58.45047794643025]",5
846,"[-4.088339038087067, 58.45182521007879]",5
847,"[-4.087995715333161, 58.45020848750872]",5
848,"[-4.081987567139801, 58.448950985251514]",5
849,"[-4.079412646485505, 58.44823239235188]",5
850,"[-4.079584307862458, 58.4460765255871]",5
851,"[-4.087652392579255, 58.4489509852515]",5
852,"[-4.092973895264803, 58.44913063118311]",5
853,"[-4.095548815919098, 58.44877133840262]",5
854,"[-4.098638720704255, 58.448861161941764]",5
855,"[-4.099325366212066, 58.447064647585485]",5
856,"[-4.100355334473787, 58.44499854266658]",5
857,"[-4.104131884766755, 58.44832221726702]",5
858,"[-4.11374492187613, 58.44544770623039]",5
859,"[-4.113058276368317, 58.44302215486848]",5
860,"[-4.11048335571402, 58.44167455408704]",5
861,"[-4.108423419190584, 58.43933859048146]",5
862,"[-4.10447520752066, 58.43835025150994]",5
863,"[-4.107393450928863, 58.4560463020618]",5
864,"[-4.111341662598787, 58.45568707991161]",5
865,"[-4.1147748901378485, 58.452364101090865]",5
866,"[-4.116834826661286, 58.449669563473854]",5
867,"[-4.101728625489411, 58.45712394649926]",5
868,"[-4.1008703186046445, 58.45308260959847]",5
869,"[-4.043901174236861, 58.466681036310185]",5
870,"[-4.015373104076598, 58.40449888616099]",5
871,"[-4.017604701976989, 58.40323975040766]",5
872,"[-4.019664638500426, 58.40090123608678]",5
873,"[-4.021037929516052, 58.39505427144158]",5
874,"[-4.033225887279722, 58.3883965464866]",5
875,"[-4.024127834301208, 58.386147030986756]",5
876,"[-4.0129698447992554, 58.38308745962944]",5
877,"[-4.005760066967224, 58.38326744176223]",5
878,"[-4.001811855297301, 58.386057047382174]",5
879,"[-3.954776638012145, 58.400811290129695]",5
880,"[-3.915013203802919, 58.41407335871576]",5
881,"[-3.8947571613224508, 58.412095234194716]",5
882,"[-3.89029396552167, 58.391228249744685]",5
883,"[-3.845662007513858, 58.39644615407533]",5
884,"[-3.815792927924013, 58.394287114907705]",5
885,"[-3.86008156317792, 58.38510972326562]",5
886,"[-3.904713521185732, 58.402922478287365]",5
887,"[-3.8769043781193258, 58.42953486762933]",5
888,"[-3.8418854572208874, 58.42881587818845]",5
